FARMACIA PESCETTO,GENNAIO,DAL LUNEDI AL VENERDI 8:30 - 13:00 | 15:00 - 20:00 | SABATO: 8:30 - 13:00
FARMACIA BOCCHIOTTI,GENNAIO,DAL LUNEDI AL VENERDI 8:30 - 13:00 | 15:00 - 20:00 | SABATO: 8:30 - 13:00
FARMACIA S. PIETRO,GENNAIO,NON TURNA
FARMACIA SERRA,GENNAIO,DAL LUNEDI AL VENERDI 8:30 - 13:00 | 15:00 - 20:00 | SABATO: 8:30 - 13:00
FARMACIA GAMALERI,GENNAIO,NON TURNA
FARMACIA INTERNAZIONALE,GENNAIO,DAL LUNEDI AL VENERDI 8:30 - 13:00 | 15:00 - 20:00 | SABATO: 8:30 - 13:00
FARMACIA MARINI,GENNAIO,DAL LUNEDI AL VENERDI 8:30 - 13:00 | 15:00 - 20:00 | SABATO: 8:30 - 13:00
FARMACIA MULTEDO,GENNAIO,CONTINUATO DALLE 8:00 ALLE 20:00
FARMACIA NEGROTTO,GENNAIO,CONTINUATO DALLE 8:00 ALLE 20:00
FARMACIA PALMARO,GENNAIO,DALLE 8:30 ALLE 12:30 | DALLE 15:30 ALLE 20:30 | SABATO: 8:30 - 13:15
FARMACIA CALVI,GENNAIO,DAL LUNEDI AL VENERDI 8:30 - 13:00 | 15:00 - 20:00 | SABATO: 8:30 - 13:00
FARMACIA S. CARLO,GENNAIO,NON TURNA
FARMACIA S. PIETRO,GENNAIO,DALLE 8:30 ALLE 12:30 | DALLE 15:30 ALLE 20:30 | SABATO: 8:30 - 13:15
FARMACIA DELLE CATENE,GENNAIO,CONTINUATO DALLE 8:00 ALLE 20:00
FARMACIA TIXI,GENNAIO,DALLE 8:30 ALLE 12:30 | DALLE 15:30 ALLE 20:30 | SABATO: 8:30 - 13:15
FARMACIA COMUNALE,GENNAIO,DAL LUNEDI AL VENERDI 8:30 - 13:00 | 15:00 - 20:00 | SABATO: 8:30 - 13:00
FARMACIA S. GIOVANNI,GENNAIO,NON TURNA
FARMACIA PESCETTO,GENNAIO,DAL LUNEDI AL VENERDI 8:30 - 13:00 | 15:00 - 20:00 | SABATO: 8:30 - 13:00
FARMACIA PESCETTO,GENNAIO,DAL LUNEDI AL VENERDI 8:30 - 13:00 | 15:00 - 20:00 | SABATO: 8:30 - 13:00
FARMACIA PESCETTO,GENNAIO,DAL LUNEDI AL VENERDI 8:30 - 13:00 | 15:00 - 20:00 | SABATO: 8:30 - 13:00
FARMACIA PESCETTO,FEBBRAIO,DAL LUNEDI AL VENERDI 8:30 - 13:00 | 15:00 - 20:00 | SABATO: 8:30 - 13:00
FARMACIA PESCETTO,MARZO,DAL LUNEDI AL VENERDI 8:30 - 13:00 | 15:00 - 20:00 | SABATO: 8:30 - 13:00
FARMACIA PESCETTO,APRILE,DAL LUNEDI AL VENERDI 8:30 - 13:00 | 15:00 - 20:00 | SABATO: 8:30 - 13:00
FARMACIA PESCETTO,MAGGIO,DAL LUNEDI AL VENERDI 8:30 - 13:00 | 15:00 - 20:00 | SABATO: 8:30 - 13:00
FARMACIA PESCETTO,GIUGNO,DAL LUNEDI AL VENERDI 8:30 - 13:00 | 15:00 - 20:00 | SABATO: 8:30 - 13:00
FARMACIA PESCETTO,LUGLIO,DAL LUNEDI AL VENERDI 8:30 - 13:00 | 15:00 - 20:00 | SABATO: 8:30 - 13:00
FARMACIA PESCETTO,AGOSTO,DAL LUNEDI AL VENERDI 8:30 - 13:00 | 15:00 - 20:00 | SABATO: 8:30 - 13:00
FARMACIA PESCETTO,SETTEMBRE,DAL LUNEDI AL VENERDI 8:30 - 13:00 | 15:00 - 20:00 | SABATO: 8:30 - 13:00
FARMACIA PESCETTO,OTTOBRE,DAL LUNEDI AL VENERDI 8:30 - 13:00 | 15:00 - 20:00 | SABATO: 8:30 - 13:00
FARMACIA PESCETTO,NOVEMBRE,DAL LUNEDI AL VENERDI 8:30 - 13:00 | 15:00 - 20:00 | SABATO: 8:30 - 13:00
FARMACIA PESCETTO,DICEMBRE,DAL LUNEDI AL VENERDI 8:30 - 13:00 | 15:00 - 20:00 | SABATO: 8:30 - 13:00
FARMACIA BOCCHIOTTI,GENNAIO,DAL LUNEDI AL VENERDI 8:30 - 13:00 | 15:00 - 20:00 | SABATO: 8:30 - 13:00
FARMACIA BOCCHIOTTI,FEBBRAIO,DAL LUNEDI AL VENERDI 8:30 - 13:00 | 15:00 - 20:00 | SABATO: 8:30 - 13:00
FARMACIA BOCCHIOTTI,MARZO,DAL LUNEDI AL VENERDI 8:30 - 13:00 | 15:00 - 20:00 | SABATO: 8:30 - 13:00
FARMACIA BOCCHIOTTI,APRILE,DAL LUNEDI AL VENERDI 8:30 - 13:00 | 15:00 - 20:00 | SABATO: 8:30 - 13:00
FARMACIA BOCCHIOTTI,MAGGIO,DAL LUNEDI AL VENERDI 8:30 - 13:00 | 15:00 - 20:00 | SABATO: 8:30 - 13:00
FARMACIA BOCCHIOTTI,GIUGNO,DAL LUNEDI AL VENERDI 8:30 - 13:00 | 15:00 - 20:00 | SABATO: 8:30 - 13:00
FARMACIA BOCCHIOTTI,LUGLIO,DAL LUNEDI AL VENERDI 8:30 - 13:00 | 15:00 - 20:00 | SABATO: 8:30 - 13:00
FARMACIA BOCCHIOTTI,AGOSTO,DAL LUNEDI AL VENERDI 8:30 - 13:00 | 15:00 - 20:00 | SABATO: 8:30 - 13:00
FARMACIA BOCCHIOTTI,SETTEMBRE,DAL LUNEDI AL VENERDI 8:30 - 13:00 | 15:00 - 20:00 | SABATO: 8:30 - 13:00
FARMACIA BOCCHIOTTI,OTTOBRE,DAL LUNEDI AL VENERDI 8:30 - 13:00 | 15:00 - 20:00 | SABATO: 8:30 - 13:00
FARMACIA BOCCHIOTTI,NOVEMBRE,DAL LUNEDI AL VENERDI 8:30 - 13:00 | 15:00 - 20:00 | SABATO: 8:30 - 13:00
FARMACIA BOCCHIOTTI,DICEMBRE,DAL LUNEDI AL VENERDI 8:30 - 13:00 | 15:00 - 20:00 | SABATO: 8:30 - 13:00
FARMACIA S. PIETRO,GENNAIO,DAL LUNEDI AL VENERDI 8:30 - 13:00 | 15:00 - 20:00 | SABATO: 8:30 - 13:00
FARMACIA S. PIETRO,FEBBRAIO,DAL LUNEDI AL VENERDI 8:30 - 13:00 | 15:00 - 20:00 | SABATO: 8:30 - 13:00
FARMACIA S. PIETRO,MARZO,DAL LUNEDI AL VENERDI 8:30 - 13:00 | 15:00 - 20:00 | SABATO: 8:30 - 13:00
FARMACIA S. PIETRO,APRILE,DAL LUNEDI AL VENERDI 8:30 - 13:00 | 15:00 - 20:00 | SABATO: 8:30 - 13:00
FARMACIA S. PIETRO,MAGGIO,DAL LUNEDI AL VENERDI 8:30 - 13:00 | 15:00 - 20:00 | SABATO: 8:30 - 13:00
FARMACIA S. PIETRO,GIUGNO,DAL LUNEDI AL VENERDI 8:30 - 13:00 | 15:00 - 20:00 | SABATO: 8:30 - 13:00
FARMACIA S. PIETRO,LUGLIO,DAL LUNEDI AL VENERDI 8:30 - 13:00 | 15:00 - 20:00 | SABATO: 8:30 - 13:00
FARMACIA S. PIETRO,AGOSTO,DAL LUNEDI AL VENERDI 8:30 - 13:00 | 15:00 - 20:00 | SABATO: 8:30 - 13:00
FARMACIA S. PIETRO,SETTEMBRE,DAL LUNEDI AL VENERDI 8:30 - 13:00 | 15:00 - 20:00 | SABATO: 8:30 - 13:00
FARMACIA S. PIETRO,OTTOBRE,DAL LUNEDI AL VENERDI 8:30 - 13:00 | 15:00 - 20:00 | SABATO: 8:30 - 13:00
FARMACIA S. PIETRO,NOVEMBRE,DAL LUNEDI AL VENERDI 8:30 - 13:00 | 15:00 - 20:00 | SABATO: 8:30 - 13:00
FARMACIA S. PIETRO,DICEMBRE,DAL LUNEDI AL VENERDI 8:30 - 13:00 | 15:00 - 20:00 | SABATO: 8:30 - 13:00
FARMACIA SERRA,GENNAIO,DAL LUNEDI AL VENERDI 8:30 - 13:00 | 15:00 - 20:00 | SABATO: 8:30 - 13:00
FARMACIA SERRA,FEBBRAIO,DAL LUNEDI AL VENERDI 8:30 - 13:00 | 15:00 - 20:00 | SABATO: 8:30 - 13:00
FARMACIA SERRA,MARZO,DAL LUNEDI AL VENERDI 8:30 - 13:00 | 15:00 - 20:00 | SABATO: 8:30 - 13:00
FARMACIA SERRA,APRILE,DAL LUNEDI AL VENERDI 8:30 - 13:00 | 15:00 - 20:00 | SABATO: 8:30 - 13:00
FARMACIA SERRA,MAGGIO,DAL LUNEDI AL VENERDI 8:30 - 13:00 | 15:00 - 20:00 | SABATO: 8:30 - 13:00
FARMACIA SERRA,GIUGNO,DAL LUNEDI AL VENERDI 8:30 - 13:00 | 15:00 - 20:00 | SABATO: 8:30 - 13:00
FARMACIA SERRA,LUGLIO,DAL LUNEDI AL VENERDI 8:30 - 13:00 | 15:00 - 20:00 | SABATO: 8:30 - 13:00
FARMACIA SERRA,AGOSTO,DAL LUNEDI AL VENERDI 8:30 - 13:00 | 15:00 - 20:00 | SABATO: 8:30 - 13:00
FARMACIA SERRA,SETTEMBRE,DALLE 8:30 ALLE 12:30 | DALLE 15:30 ALLE 20:30 | SABATO: 8:30 - 13:15
FARMACIA SERRA,OTTOBRE,DALLE 8:30 ALLE 12:30 | DALLE 15:30 ALLE 20:30 | SABATO: 8:30 - 13:15
FARMACIA SERRA,NOVEMBRE,DALLE 8:30 ALLE 12:30 | DALLE 15:30 ALLE 20:30 | SABATO: 8:30 - 13:15
FARMACIA SERRA,DICEMBRE,DALLE 8:30 ALLE 12:30 | DALLE 15:30 ALLE 20:30 | SABATO: 8:30 - 13:15
FARMACIA INTERNAZIONALE,GENNAIO,DALLE 8:30 ALLE 12:30 | DALLE 15:30 ALLE 20:30 | SABATO: 8:30 - 13:15
FARMACIA INTERNAZIONALE,FEBBRAIO,DALLE 8:30 ALLE 12:30 | DALLE 15:30 ALLE 20:30 | SABATO: 8:30 - 13:15
FARMACIA INTERNAZIONALE,MARZO,DALLE 8:30 ALLE 12:30 | DALLE 15:30 ALLE 20:30 | SABATO: 8:30 - 13:15
FARMACIA INTERNAZIONALE,APRILE,DALLE 8:30 ALLE 12:30 | DALLE 15:30 ALLE 20:30 | SABATO: 8:30 - 13:15
FARMACIA INTERNAZIONALE,MAGGIO,DALLE 8:30 ALLE 12:30 | DALLE 15:30 ALLE 20:30 | SABATO: 8:30 - 13:15
FARMACIA INTERNAZIONALE,GIUGNO,CONTINUATO DALLE 8:00 ALLE 20:00
FARMACIA INTERNAZIONALE,LUGLIO,CONTINUATO DALLE 8:00 ALLE 20:00
FARMACIA INTERNAZIONALE,AGOSTO,CONTINUATO DALLE 8:00 ALLE 20:00
FARMACIA INTERNAZIONALE,SETTEMBRE,CONTINUATO DALLE 8:00 ALLE 20:00
FARMACIA INTERNAZIONALE,OTTOBRE,NON TURNA
FARMACIA INTERNAZIONALE,NOVEMBRE,NON TURNA
FARMACIA INTERNAZIONALE,DICEMBRE,NON TURNA
FARMACIA NEGROTTO,GENNAIO,NON TURNA
FARMACIA NEGROTTO,FEBBRAIO,CONTINUATO DALLE 8:00 ALLE 20:00
FARMACIA NEGROTTO,MARZO,CONTINUATO DALLE 8:00 ALLE 20:00
FARMACIA NEGROTTO,APRILE,CONTINUATO DALLE 8:00 ALLE 20:00
FARMACIA NEGROTTO,MAGGIO,DALLE 8:30 ALLE 12:30 | DALLE 15:30 ALLE 20:30 | SABATO: 8:30 - 13:15
FARMACIA NEGROTTO,GIUGNO,DALLE 8:30 ALLE 12:30 | DALLE 15:30 ALLE 20:30 | SABATO: 8:30 - 13:15
FARMACIA NEGROTTO,LUGLIO,DALLE 8:30 ALLE 12:30 | DALLE 15:30 ALLE 20:30 | SABATO: 8:30 - 13:15
FARMACIA NEGROTTO,AGOSTO,DALLE 8:30 ALLE 12:30 | DALLE 15:30 ALLE 20:30 | SABATO: 8:30 - 13:15
FARMACIA NEGROTTO,SETTEMBRE,DAL LUNEDI AL VENERDI 8:30 - 13:00 | 15:00 - 20:00 | SABATO: 8:30 - 13:00
FARMACIA NEGROTTO,OTTOBRE,DAL LUNEDI AL VENERDI 8:30 - 13:00 | 15:00 - 20:00 | SABATO: 8:30 - 13:00
FARMACIA NEGROTTO,NOVEMBRE,DAL LUNEDI AL VENERDI 8:30 - 13:00 | 15:00 - 20:00 | SABATO: 8:30 - 13:00
FARMACIA NEGROTTO,DICEMBRE,DAL LUNEDI AL VENERDI 8:30 - 13:00 | 15:00 - 20:00 | SABATO: 8:30 - 13:00
FARMACIA GAMALERI,GENNAIO,DAL LUNEDI AL VENERDI 8:30 - 13:00 | 15:00 - 20:00 | SABATO: 8:30 - 13:00
FARMACIA GAMALERI,FEBBRAIO,DAL LUNEDI AL VENERDI 8:30 - 13:00 | 15:00 - 20:00 | SABATO: 8:30 - 13:00
FARMACIA GAMALERI,MARZO,DAL LUNEDI AL VENERDI 8:30 - 13:00 | 15:00 - 20:00 | SABATO: 8:30 - 13:00
FARMACIA GAMALERI,APRILE,DAL LUNEDI AL VENERDI 8:30 - 13:00 | 15:00 - 20:00 | SABATO: 8:30 - 13:00
FARMACIA GAMALERI,MAGGIO,DAL LUNEDI AL VENERDI 8:30 - 13:00 | 15:00 - 20:00 | SABATO: 8:30 - 13:00
FARMACIA GAMALERI,GIUGNO,DAL LUNEDI AL VENERDI 8:30 - 13:00 | 15:00 - 20:00 | SABATO: 8:30 - 13:00
FARMACIA GAMALERI,LUGLIO,DAL LUNEDI AL VENERDI 8:30 - 13:00 | 15:00 - 20:00 | SABATO: 8:30 - 13:00
FARMACIA GAMALERI,AGOSTO,DAL LUNEDI AL VENERDI 8:30 - 13:00 | 15:00 - 20:00 | SABATO: 8:30 - 13:00
FARMACIA GAMALERI,SETTEMBRE,DAL LUNEDI AL VENERDI 8:30 - 13:00 | 15:00 - 20:00 | SABATO: 8:30 - 13:00
FARMACIA GAMALERI,OTTOBRE,DAL LUNEDI AL VENERDI 8:30 - 13:00 | 15:00 - 20:00 | SABATO: 8:30 - 13:00
FARMACIA GAMALERI,NOVEMBRE,NON TURNA
FARMACIA GAMALERI,DICEMBRE,NON TURNA
FARMACIA CALVI,GENNAIO,NON TURNA
FARMACIA CALVI,FEBBRAIO,NON TURNA
FARMACIA CALVI,MARZO,NON TURNA
FARMACIA CALVI,APRILE,NON TURNA
FARMACIA CALVI,MAGGIO,NON TURNA
FARMACIA CALVI,GIUGNO,CONTINUATO DALLE 8:00 ALLE 20:00
FARMACIA CALVI,LUGLIO,CONTINUATO DALLE 8:00 ALLE 20:00
FARMACIA CALVI,AGOSTO,CONTINUATO DALLE 8:00 ALLE 20:00
FARMACIA CALVI,SETTEMBRE,CONTINUATO DALLE 8:00 ALLE 20:00
FARMACIA CALVI,OTTOBRE,DALLE 8:30 ALLE 12:30 | DALLE 15:30 ALLE 20:30 | SABATO: 8:30 - 13:15
FARMACIA CALVI,NOVEMBRE,DALLE 8:30 ALLE 12:30 | DALLE 15:30 ALLE 20:30 | SABATO: 8:30 - 13:15
FARMACIA CALVI,DICEMBRE,DALLE 8:30 ALLE 12:30 | DALLE 15:30 ALLE 20:30 | SABATO: 8:30 - 13:15
FARMACIA MARINI,GENNAIO,DAL LUNEDI AL VENERDI 8:30 - 13:00 | 15:00 - 20:00 | SABATO: 8:30 - 13:00
FARMACIA MARINI,FEBBRAIO,DAL LUNEDI AL VENERDI 8:30 - 13:00 | 15:00 - 20:00 | SABATO: 8:30 - 13:00
FARMACIA MARINI,MARZO,DAL LUNEDI AL VENERDI 8:30 - 13:00 | 15:00 - 20:00 | SABATO: 8:30 - 13:00
FARMACIA MARINI,APRILE,DAL LUNEDI AL VENERDI 8:30 - 13:00 | 15:00 - 20:00 | SABATO: 8:30 - 13:00
FARMACIA MARINI,MAGGIO,DAL LUNEDI AL VENERDI 8:30 - 13:00 | 15:00 - 20:00 | SABATO: 8:30 - 13:00
FARMACIA MARINI,GIUGNO,DAL LUNEDI AL VENERDI 8:30 - 13:00 | 15:00 - 20:00 | SABATO: 8:30 - 13:00
FARMACIA MARINI,LUGLIO,DAL LUNEDI AL VENERDI 8:30 - 13:00 | 15:00 - 20:00 | SABATO: 8:30 - 13:00
FARMACIA MARINI,AGOSTO,DAL LUNEDI AL VENERDI 8:30 - 13:00 | 15:00 - 20:00 | SABATO: 8:30 - 13:00
FARMACIA MARINI,SETTEMBRE,DAL LUNEDI AL VENERDI 8:30 - 13:00 | 15:00 - 20:00 | SABATO: 8:30 - 13:00
FARMACIA MARINI,OTTOBRE,DAL LUNEDI AL VENERDI 8:30 - 13:00 | 15:00 - 20:00 | SABATO: 8:30 - 13:00
FARMACIA MARINI,NOVEMBRE,DAL LUNEDI AL VENERDI 8:30 - 13:00 | 15:00 - 20:00 | SABATO: 8:30 - 13:00
FARMACIA MARINI,DICEMBRE,DAL LUNEDI AL VENERDI 8:30 - 13:00 | 15:00 - 20:00 | SABATO: 8:30 - 13:00
FARMACIA MULTEDO,GENNAIO,DAL LUNEDI AL VENERDI 8:30 - 13:00 | 15:00 - 20:00 | SABATO: 8:30 - 13:00
FARMACIA MULTEDO,FEBBRAIO,DAL LUNEDI AL VENERDI 8:30 - 13:00 | 15:00 - 20:00 | SABATO: 8:30 - 13:00
FARMACIA MULTEDO,MARZO,DAL LUNEDI AL VENERDI 8:30 - 13:00 | 15:00 - 20:00 | SABATO: 8:30 - 13:00
FARMACIA MULTEDO,APRILE,DAL LUNEDI AL VENERDI 8:30 - 13:00 | 15:00 - 20:00 | SABATO: 8:30 - 13:00
FARMACIA MULTEDO,MAGGIO,DAL LUNEDI AL VENERDI 8:30 - 13:00 | 15:00 - 20:00 | SABATO: 8:30 - 13:00
FARMACIA MULTEDO,GIUGNO,DAL LUNEDI AL VENERDI 8:30 - 13:00 | 15:00 - 20:00 | SABATO: 8:30 - 13:00
FARMACIA MULTEDO,LUGLIO,DAL LUNEDI AL VENERDI 8:30 - 13:00 | 15:00 - 20:00 | SABATO: 8:30 - 13:00
FARMACIA MULTEDO,AGOSTO,DAL LUNEDI AL VENERDI 8:30 - 13:00 | 15:00 - 20:00 | SABATO: 8:30 - 13:00
FARMACIA MULTEDO,SETTEMBRE,DAL LUNEDI AL VENERDI 8:30 - 13:00 | 15:00 - 20:00 | SABATO: 8:30 - 13:00
FARMACIA MULTEDO,OTTOBRE,DAL LUNEDI AL VENERDI 8:30 - 13:00 | 15:00 - 20:00 | SABATO: 8:30 - 13:00
FARMACIA MULTEDO,NOVEMBRE,DAL LUNEDI AL VENERDI 8:30 - 13:00 | 15:00 - 20:00 | SABATO: 8:30 - 13:00
FARMACIA MULTEDO,DICEMBRE,DAL LUNEDI AL VENERDI 8:30 - 13:00 | 15:00 - 20:00 | SABATO: 8:30 - 13:00
FARMACIA PALMARO,GENNAIO,DAL LUNEDI AL VENERDI 8:30 - 13:00 | 15:00 - 20:00 | SABATO: 8:30 - 13:00
FARMACIA PALMARO,FEBBRAIO,DAL LUNEDI AL VENERDI 8:30 - 13:00 | 15:00 - 20:00 | SABATO: 8:30 - 13:00
FARMACIA PALMARO,MARZO,DAL LUNEDI AL VENERDI 8:30 - 13:00 | 15:00 - 20:00 | SABATO: 8:30 - 13:00
FARMACIA PALMARO,APRILE,DAL LUNEDI AL VENERDI 8:30 - 13:00 | 15:00 - 20:00 | SABATO: 8:30 - 13:00
FARMACIA PALMARO,MAGGIO,DAL LUNEDI AL VENERDI 8:30 - 13:00 | 15:00 - 20:00 | SABATO: 8:30 - 13:00
FARMACIA PALMARO,GIUGNO,DAL LUNEDI AL VENERDI 8:30 - 13:00 | 15:00 - 20:00 | SABATO: 8:30 - 13:00
FARMACIA PALMARO,LUGLIO,DAL LUNEDI AL VENERDI 8:30 - 13:00 | 15:00 - 20:00 | SABATO: 8:30 - 13:00
FARMACIA PALMARO,AGOSTO,DAL LUNEDI AL VENERDI 8:30 - 13:00 | 15:00 - 20:00 | SABATO: 8:30 - 13:00
FARMACIA PALMARO,SETTEMBRE,DAL LUNEDI AL VENERDI 8:30 - 13:00 | 15:00 - 20:00 | SABATO: 8:30 - 13:00
FARMACIA PALMARO,OTTOBRE,DAL LUNEDI AL VENERDI 8:30 - 13:00 | 15:00 - 20:00 | SABATO: 8:30 - 13:00
FARMACIA PALMARO,NOVEMBRE,DAL LUNEDI AL VENERDI 8:30 - 13:00 | 15:00 - 20:00 | SABATO: 8:30 - 13:00
FARMACIA PALMARO,DICEMBRE,DAL LUNEDI AL VENERDI 8:30 - 13:00 | 15:00 - 20:00 | SABATO: 8:30 - 13:00
FARMACIA S. CARLO,GENNAIO,DAL LUNEDI AL VENERDI 8:30 - 13:00 | 15:00 - 20:00 | SABATO: 8:30 - 13:00
FARMACIA S. CARLO,FEBBRAIO,DAL LUNEDI AL VENERDI 8:30 - 13:00 | 15:00 - 20:00 | SABATO: 8:30 - 13:00
FARMACIA S. CARLO,MARZO,DAL LUNEDI AL VENERDI 8:30 - 13:00 | 15:00 - 20:00 | SABATO: 8:30 - 13:00
FARMACIA S. CARLO,APRILE,DAL LUNEDI AL VENERDI 8:30 - 13:00 | 15:00 - 20:00 | SABATO: 8:30 - 13:00
FARMACIA S. CARLO,MAGGIO,DAL LUNEDI AL VENERDI 8:30 - 13:00 | 15:00 - 20:00 | SABATO: 8:30 - 13:00
FARMACIA S. CARLO,GIUGNO,DAL LUNEDI AL VENERDI 8:30 - 13:00 | 15:00 - 20:00 | SABATO: 8:30 - 13:00
FARMACIA S. CARLO,LUGLIO,DAL LUNEDI AL VENERDI 8:30 - 13:00 | 15:00 - 20:00 | SABATO: 8:30 - 13:00
FARMACIA S. CARLO,AGOSTO,DAL LUNEDI AL VENERDI 8:30 - 13:00 | 15:00 - 20:00 | SABATO: 8:30 - 13:00
FARMACIA S. CARLO,SETTEMBRE,DAL LUNEDI AL VENERDI 8:30 - 13:00 | 15:00 - 20:00 | SABATO: 8:30 - 13:00
FARMACIA S. CARLO,OTTOBRE,DAL LUNEDI AL VENERDI 8:30 - 13:00 | 15:00 - 20:00 | SABATO: 8:30 - 13:00
FARMACIA S. CARLO,NOVEMBRE,DAL LUNEDI AL VENERDI 8:30 - 13:00 | 15:00 - 20:00 | SABATO: 8:30 - 13:00
FARMACIA S. CARLO,DICEMBRE,DAL LUNEDI AL VENERDI 8:30 - 13:00 | 15:00 - 20:00 | SABATO: 8:30 - 13:00
FARMACIA S. PIETRO,GENNAIO,DAL LUNEDI AL VENERDI 8:30 - 13:00 | 15:00 - 20:00 | SABATO: 8:30 - 13:00
FARMACIA S. PIETRO,FEBBRAIO,DAL LUNEDI AL VENERDI 8:30 - 13:00 | 15:00 - 20:00 | SABATO: 8:30 - 13:00
FARMACIA S. PIETRO,MARZO,DAL LUNEDI AL VENERDI 8:30 - 13:00 | 15:00 - 20:00 | SABATO: 8:30 - 13:00
FARMACIA S. PIETRO,APRILE,DAL LUNEDI AL VENERDI 8:30 - 13:00 | 15:00 - 20:00 | SABATO: 8:30 - 13:00
FARMACIA S. PIETRO,MAGGIO,DAL LUNEDI AL VENERDI 8:30 - 13:00 | 15:00 - 20:00 | SABATO: 8:30 - 13:00
FARMACIA S. PIETRO,GIUGNO,DAL LUNEDI AL VENERDI 8:30 - 13:00 | 15:00 - 20:00 | SABATO: 8:30 - 13:00
FARMACIA S. PIETRO,LUGLIO,DAL LUNEDI AL VENERDI 8:30 - 13:00 | 15:00 - 20:00 | SABATO: 8:30 - 13:00
FARMACIA S. PIETRO,AGOSTO,DAL LUNEDI AL VENERDI 8:30 - 13:00 | 15:00 - 20:00 | SABATO: 8:30 - 13:00
FARMACIA S. PIETRO,SETTEMBRE,DAL LUNEDI AL VENERDI 8:30 - 13:00 | 15:00 - 20:00 | SABATO: 8:30 - 13:00
FARMACIA S. PIETRO,OTTOBRE,DAL LUNEDI AL VENERDI 8:30 - 13:00 | 15:00 - 20:00 | SABATO: 8:30 - 13:00
FARMACIA S. PIETRO,NOVEMBRE,DAL LUNEDI AL VENERDI 8:30 - 13:00 | 15:00 - 20:00 | SABATO: 8:30 - 13:00
FARMACIA S. PIETRO,DICEMBRE,DAL LUNEDI AL VENERDI 8:30 - 13:00 | 15:00 - 20:00 | SABATO: 8:30 - 13:00
FARMACIA DELLE CATENE,GENNAIO,DAL LUNEDI AL VENERDI 8:30 - 13:00 | 15:00 - 20:00 | SABATO: 8:30 - 13:00
FARMACIA DELLE CATENE,FEBBRAIO,DAL LUNEDI AL VENERDI 8:30 - 13:00 | 15:00 - 20:00 | SABATO: 8:30 - 13:00
FARMACIA DELLE CATENE,MARZO,DAL LUNEDI AL VENERDI 8:30 - 13:00 | 15:00 - 20:00 | SABATO: 8:30 - 13:00
FARMACIA DELLE CATENE,APRILE,DAL LUNEDI AL VENERDI 8:30 - 13:00 | 15:00 - 20:00 | SABATO: 8:30 - 13:00
FARMACIA DELLE CATENE,MAGGIO,DAL LUNEDI AL VENERDI 8:30 - 13:00 | 15:00 - 20:00 | SABATO: 8:30 - 13:00
FARMACIA DELLE CATENE,GIUGNO,DAL LUNEDI AL VENERDI 8:30 - 13:00 | 15:00 - 20:00 | SABATO: 8:30 - 13:00
FARMACIA DELLE CATENE,LUGLIO,DAL LUNEDI AL VENERDI 8:30 - 13:00 | 15:00 - 20:00 | SABATO: 8:30 - 13:00
FARMACIA DELLE CATENE,AGOSTO,DAL LUNEDI AL VENERDI 8:30 - 13:00 | 15:00 - 20:00 | SABATO: 8:30 - 13:00
FARMACIA DELLE CATENE,SETTEMBRE,DAL LUNEDI AL VENERDI 8:30 - 13:00 | 15:00 - 20:00 | SABATO: 8:30 - 13:00
FARMACIA DELLE CATENE,OTTOBRE,DAL LUNEDI AL VENERDI 8:30 - 13:00 | 15:00 - 20:00 | SABATO: 8:30 - 13:00
FARMACIA DELLE CATENE,NOVEMBRE,DAL LUNEDI AL VENERDI 8:30 - 13:00 | 15:00 - 20:00 | SABATO: 8:30 - 13:00
FARMACIA DELLE CATENE,DICEMBRE,DAL LUNEDI AL VENERDI 8:30 - 13:00 | 15:00 - 20:00 | SABATO: 8:30 - 13:00
FARMACIA TIXI,GENNAIO,DAL LUNEDI AL VENERDI 8:30 - 13:00 | 15:00 - 20:00 | SABATO: 8:30 - 13:00
FARMACIA TIXI,FEBBRAIO,DAL LUNEDI AL VENERDI 8:30 - 13:00 | 15:00 - 20:00 | SABATO: 8:30 - 13:00
FARMACIA TIXI,MARZO,DAL LUNEDI AL VENERDI 8:30 - 13:00 | 15:00 - 20:00 | SABATO: 8:30 - 13:00
FARMACIA TIXI,APRILE,DAL LUNEDI AL VENERDI 8:30 - 13:00 | 15:00 - 20:00 | SABATO: 8:30 - 13:00
FARMACIA TIXI,MAGGIO,DAL LUNEDI AL VENERDI 8:30 - 13:00 | 15:00 - 20:00 | SABATO: 8:30 - 13:00
FARMACIA TIXI,GIUGNO,DAL LUNEDI AL VENERDI 8:30 - 13:00 | 15:00 - 20:00 | SABATO: 8:30 - 13:00
FARMACIA TIXI,LUGLIO,DAL LUNEDI AL VENERDI 8:30 - 13:00 | 15:00 - 20:00 | SABATO: 8:30 - 13:00
FARMACIA TIXI,AGOSTO,DAL LUNEDI AL VENERDI 8:30 - 13:00 | 15:00 - 20:00 | SABATO: 8:30 - 13:00
FARMACIA TIXI,SETTEMBRE,DAL LUNEDI AL VENERDI 8:30 - 13:00 | 15:00 - 20:00 | SABATO: 8:30 - 13:00
FARMACIA TIXI,OTTOBRE,DAL LUNEDI AL VENERDI 8:30 - 13:00 | 15:00 - 20:00 | SABATO: 8:30 - 13:00
FARMACIA TIXI,NOVEMBRE,DAL LUNEDI AL VENERDI 8:30 - 13:00 | 15:00 - 20:00 | SABATO: 8:30 - 13:00
FARMACIA TIXI,DICEMBRE,DAL LUNEDI AL VENERDI 8:30 - 13:00 | 15:00 - 20:00 | SABATO: 8:30 - 13:00
FARMACIA COMUNALE,GENNAIO,DAL LUNEDI AL VENERDI 8:30 - 13:00 | 15:00 - 20:00 | SABATO: 8:30 - 13:00
FARMACIA COMUNALE,FEBBRAIO,DAL LUNEDI AL VENERDI 8:30 - 13:00 | 15:00 - 20:00 | SABATO: 8:30 - 13:00
FARMACIA COMUNALE,MARZO,DAL LUNEDI AL VENERDI 8:30 - 13:00 | 15:00 - 20:00 | SABATO: 8:30 - 13:00
FARMACIA COMUNALE,APRILE,DAL LUNEDI AL VENERDI 8:30 - 13:00 | 15:00 - 20:00 | SABATO: 8:30 - 13:00
FARMACIA COMUNALE,MAGGIO,DAL LUNEDI AL VENERDI 8:30 - 13:00 | 15:00 - 20:00 | SABATO: 8:30 - 13:00
FARMACIA COMUNALE,GIUGNO,DAL LUNEDI AL VENERDI 8:30 - 13:00 | 15:00 - 20:00 | SABATO: 8:30 - 13:00
FARMACIA COMUNALE,LUGLIO,DAL LUNEDI AL VENERDI 8:30 - 13:00 | 15:00 - 20:00 | SABATO: 8:30 - 13:00
FARMACIA COMUNALE,AGOSTO,DAL LUNEDI AL VENERDI 8:30 - 13:00 | 15:00 - 20:00 | SABATO: 8:30 - 13:00
FARMACIA COMUNALE,SETTEMBRE,DAL LUNEDI AL VENERDI 8:30 - 13:00 | 15:00 - 20:00 | SABATO: 8:30 - 13:00
FARMACIA COMUNALE,OTTOBRE,DAL LUNEDI AL VENERDI 8:30 - 13:00 | 15:00 - 20:00 | SABATO: 8:30 - 13:00
FARMACIA COMUNALE,NOVEMBRE,DAL LUNEDI AL VENERDI 8:30 - 13:00 | 15:00 - 20:00 | SABATO: 8:30 - 13:00
FARMACIA COMUNALE,DICEMBRE,DAL LUNEDI AL VENERDI 8:30 - 13:00 | 15:00 - 20:00 | SABATO: 8:30 - 13:00
FARMACIA S. GIOVANNI,GENNAIO,DAL LUNEDI AL VENERDI 8:30 - 13:00 | 15:00 - 20:00 | SABATO: 8:30 - 13:00
FARMACIA S. GIOVANNI,FEBBRAIO,DAL LUNEDI AL VENERDI 8:30 - 13:00 | 15:00 - 20:00 | SABATO: 8:30 - 13:00
FARMACIA S. GIOVANNI,MARZO,DAL LUNEDI AL VENERDI 8:30 - 13:00 | 15:00 - 20:00 | SABATO: 8:30 - 13:00
FARMACIA S. GIOVANNI,APRILE,DAL LUNEDI AL VENERDI 8:30 - 13:00 | 15:00 - 20:00 | SABATO: 8:30 - 13:00
FARMACIA S. GIOVANNI,MAGGIO,DAL LUNEDI AL VENERDI 8:30 - 13:00 | 15:00 - 20:00 | SABATO: 8:30 - 13:00
FARMACIA S. GIOVANNI,GIUGNO,DAL LUNEDI AL VENERDI 8:30 - 13:00 | 15:00 - 20:00 | SABATO: 8:30 - 13:00
FARMACIA S. GIOVANNI,LUGLIO,DAL LUNEDI AL VENERDI 8:30 - 13:00 | 15:00 - 20:00 | SABATO: 8:30 - 13:00
FARMACIA S. GIOVANNI,AGOSTO,DAL LUNEDI AL VENERDI 8:30 - 13:00 | 15:00 - 20:00 | SABATO: 8:30 - 13:00
FARMACIA S. GIOVANNI,SETTEMBRE,DAL LUNEDI AL VENERDI 8:30 - 13:00 | 15:00 - 20:00 | SABATO: 8:30 - 13:00
FARMACIA S. GIOVANNI,OTTOBRE,DAL LUNEDI AL VENERDI 8:30 - 13:00 | 15:00 - 20:00 | SABATO: 8:30 - 13:00
FARMACIA S. GIOVANNI,NOVEMBRE,DAL LUNEDI AL VENERDI 8:30 - 13:00 | 15:00 - 20:00 | SABATO: 8:30 - 13:00
FARMACIA S. GIOVANNI,DICEMBRE,DAL LUNEDI AL VENERDI 8:30 - 13:00 | 15:00 - 20:00 | SABATO: 8:30 - 13:00
FARMACIA PESCETTO,GENNAIO,CONTINUATO DALLE 8:00 ALLE 20:00
FARMACIA BOCCHIOTTI,GENNAIO,DAL LUNEDI AL VENERDI 8:30 - 13:00 | 15:00 - 20:00 | SABATO: 8:30 - 13:00
FARMACIA S. PIETRO,GENNAIO,DALLE 8:30 ALLE 12:30 | DALLE 15:30 ALLE 20:30 | SABATO: 8:30 - 13:15
FARMACIA SERRA,GENNAIO,DALLE 8:30 ALLE 12:30 | DALLE 15:30 ALLE 20:30 | SABATO: 8:30 - 13:15
FARMACIA GAMALERI,GENNAIO,DALLE 8:30 ALLE 12:30 | DALLE 15:30 ALLE 20:30 | SABATO: 8:30 - 13:15
FARMACIA INTERNAZIONALE,GENNAIO,CONTINUATO DALLE 8:00 ALLE 20:00
FARMACIA MARINI,GENNAIO,NON TURNA
FARMACIA MULTEDO,GENNAIO,CONTINUATO DALLE 8:00 ALLE 20:00
FARMACIA NEGROTTO,GENNAIO,DALLE 8:30 ALLE 12:30 | DALLE 15:30 ALLE 20:30 | SABATO: 8:30 - 13:15
FARMACIA PALMARO,GENNAIO,DALLE 8:30 ALLE 12:30 | DALLE 15:30 ALLE 20:30 | SABATO: 8:30 - 13:15
FARMACIA CALVI,GENNAIO,DALLE 8:30 ALLE 12:30 | DALLE 15:30 ALLE 20:30 | SABATO: 8:30 - 13:15
FARMACIA S. CARLO,GENNAIO,DALLE 8:30 ALLE 12:30 | DALLE 15:30 ALLE 20:30 | SABATO: 8:30 - 13:15
FARMACIA S. PIETRO,GENNAIO,CONTINUATO DALLE 8:00 ALLE 20:00
FARMACIA DELLE CATENE,GENNAIO,NON TURNA
FARMACIA TIXI,GENNAIO,NON TURNA
FARMACIA COMUNALE,GENNAIO,DALLE 8:30 ALLE 12:30 | DALLE 15:30 ALLE 20:30 | SABATO: 8:30 - 13:15
FARMACIA S. GIOVANNI,GENNAIO,CONTINUATO DALLE 8:00 ALLE 20:00
